Retail,Wholesale / Retail
Wholesale,Wholesale / Retail
Wholesale Trade,Wholesale / Retail
Retail General,Wholesale / Retail
Retail Trade,Wholesale / Retail
"Energy, Utilities & Waste Treatment General",Utilities
Energy,Utilities
Renewables & Environment,Utilities
Utility,Utilities
Utilities,Utilities
Water,Utilities
Electrical,Utilities
Car & Truck Rental,Transportation and Warehousing
Transportation,Transportation and Warehousing
Freight & Logistics Services,Transportation and Warehousing
Transportation & Warehousing,Transportation and Warehousing
Logistics,Transportation and Warehousing
Transporation & Warehousing,Transportation and Warehousing
Transportation and Warehousing,Transportation and Warehousing
Transportation/Trucking/Railroad,Transportation and Warehousing
Towing,Transportation and Warehousing
Government - State,SLED
Government - Federal,SLED
Educational Services,SLED
Government,SLED
Government - State & Local,SLED
Education - Higher Ed,SLED
Government - Outside US/CA,SLED
Education - K-12,SLED
Government - Airport,SLED
Government - Local,SLED
Travel Agencies & Services,Passenger Transit
Passenger Transit,Passenger Transit
Transportation - Passenger Transit,Passenger Transit
"Rail, Bus & Taxi",Passenger Transit
Education - Higher Rd,Other
Computer Networking,Other
Architecture & Planning,Other
Industry.retail.sports,Other
Warehousing and support activities for transportation,Other
Industry.mfg.electronics.semiconductors,Other
"Mining, Quarrying, Oil & Gas",Other
Wholesale & Retail,Other
"Department Stores, Shopping Centers & Superstores",Other
Public Safety,Other
Gambling & Gaming,Other
Home Improvement & Hardware Retail,Other
Office Products Retail & Distribution,Other
Finance,Other
Remote Infrastructure,Other
Primary/Secondary Education,Other
Real State,Other
Management Consulting,Other
"Other Rental Stores (Furniture, A/V, Construction & Industrial Equipment)",Other
Investment Banking,Other
Pulp & Paper,Other
Industry.hospitality.lodging,Other
Consumer Electronics & Computers Retail,Other
K-12 Schools,Other
13,Other
Maritime,Other
"Health, Wellness and Fitness",Other
Logistics and Supply Chain,Other
Motor Vehicle Parts,Other
Hospitals & Clinics,Other
Professional Services,Other
Cleaning Products,Other
Sports Teams & Leagues,Other
Business Supplies and Equipment,Other
Glass & Clay,Other
Transports,Other
OEM/Field Services,Other
Legal,Other
Trucking,Other
Package/Freight Delivery,Other
Healthcare & Social Assistance,Other
SLED,Other
Automotive Dealership,Other
Industry.healthcare.pharmaceuticals.drugs,Other
Postal Services,Other
Distributors,Other
Restaurants,Other
Automobile Parts Stores,Other
Civil Engineering,Other
Food Service,Other
Agriculture General,Other
E-Learning,Other
"Batteries, Power Storage Equipment & Generators",Other
Government Services,Other
Finance General,Other
Marketing and Advertising,Other
Semiconductor,Other
Industry.retail.grocery,Other
Agriculture,Other
Museums & Art Galleries,Other
"Trucking, Moving & Storage",Other
Industry.mfg.industrialmachinery,Other
International Trade and Development,Other
Membership Organizations,Other
Advertising & Marketing,Other
Food & Beverages,Other
Drug Manufacturing & Research,Other
"Flowers, Gifts & Specialty Stores",Other
Oil & Gas - Upstream,Other
Business Services General,Other
Industry.hospitality.restaurant,Other
"Mining, Quarrying, Oil and Gas",Other
Information Technology and Services,Other
Boats & Submarines,Other
Motor Vehicles,Other
Security Products & Services,Other
53 - Courier and Postal activities,Other
Wireless,Other
Search Engines & Internet Portals,Other
Cable & Satellite,Other
Oil & Energy,Other
Industry.hospitality.sports,Other
Biotechnology,Other
Mining & Metals,Other
Telephony & Wireless,Other
Industry.retail.conveniencestore,Other
Facilities Management & Commercial Cleaning,Other
Software Development & Design,Other
"Cosmetics, Beauty Supply & Personal Care Products",Other
"Architecture, Engineering & Design",Other
Plastics,Other
Services,Other
Mining,Other
Human Resources & Staffing,Other
Industry.mfg.testequipment,Other
Consumer Electronics,Other
Hospitality,Other
"Health, Wellness, and Fitness",Other
"Cities, Towns & Municipalities General",Other
Medical Devices & Equipment,Other
Colleges & Universities,Other
Information Technology,Other
Business Supplies,Other
null,Other
Consumer Goods,Other
Furniture,Other
Household goods,Other
Education,Other
Design,Other
Industry.retail.electronics,Other
Construction/Contractor,Other
Tobacco,Other
Software & Internet,Other
Delete,Other
Telecommunications,Other
Sporting Goods,Other
"Leisure, Travel & Tourism",Other
Insurance,Other
Mechanical engineering,Other
Food Production,Other
Services to buildings and landscape activities,Other
43,Other
Industry.mfg.aerospace,Other
38,Other
Motor Vehicle Dealers,Other
Tribe/Nation,Other
Farming,Other
"Airlines, Airports & Air Services",Other
Events Services,Other
Automotive Service & Collision Repair,Other
"Plastic, Packaging & Containers",Other
Unknown,Other
Emergency Medical Transportation & Services,Other
Cargo,Other
Education General,Other
Industry.retail.auto,Other
"Travel, Recreation, and Leisure",Other
"Energy, Utilities & Waste Treatment",Other
Industry.consumerservices.auto,Other
49,Other
Industry.bizservice.datamgmt,Other
Consumer Services General,Other
"Miscellaneous Building Materials (Flooring, Cabinets, etc.)",Other
Water Utilities and Waste Water,Other
Wire & Cable,Other
Transport/Distribution,Other
Software & Technical Consulting,Other
Textiles,Other
Industrial Machinery & Equipment,Other
Medical Testing & Clinical Laboratories,Other
Manufacturing General,Other
Telecommunications General,Other
Computer Software,Other
Education Management,Other
Accounting & Accounting Services,Other
Reseller,Other
Plumbing & HVAC Equipment,Other
Aerospace,Other
Training,Other
Industry.software.mfg,Other
Packaging and Containers,Other
Cargo Transport,Other
Apparel & Accessories Retail,Other
Television Stations,Other
Other,Other
Business Services,Other
Industry.retail,Other
1,Other
Mining / Metals,Other
"Electricity, Oil & Gas",Other
Photography,Other
Airlines/Aviation,Other
"Glass, Ceramics & Concrete",Other
Industry.mfg.building.other,Other
Oil & Gas,Other
Industry.software,Other
Recreation,Other
Industry.healthcare.medicaltesting,Other
Industry.mfg.medical,Other
VAR / Systems Integrator,Other
Oil & Gas Exploration & Services,Other
Chambers of Commerce,Other
Pet Products,Other
Industry.retail.clothes,Other
Consumer Services,Other
Industry.mfg.consumer.cosmetics,Other
Last Seen: 2018-08-29 13:00:00,Other
Real Estate,Other
Environmental Services,Other
Organizations,Other
Electronics,Other
Industry.mfg.car,Other
Manufacturing / Automotive,Other
Semiconductor & Semiconductor Equipment,Other
Wharehousing,Other
"Aggregates, Concrete & Cement",Other
"Gas Stations, Convenience & Liquor Stores",Other
Aviation & Aerospace,Other
Water & Water Treatment,Other
Petrochemicals,Other
Religious Organizations,Other
Crops,Other
82,Other
Printing,Other
COMPETITOR,Other
Transportation General,Other
Newspapers & News Services,Other
Biotechnolgy,Other
Film/Video Production & Services,Other
Public Sector,Other
"Chemicals, Petrochemicals, Glass & Gases",Other
Grocery Retail,Other
Outsourcing/Offshoring,Other
Power Conversion & Protection Equipment,Other
-,Other
Construction General,Other
Mining Quarrying & Oil & Gas,Other
Venture Capital & Private Equity,Other
Content & Collaboration Software,Other
"Internet Service Providers, Website Hosting & Internet-related Services",Other
VAR/Systems Integrator,Other
Computer Networking Equipment,Other
Financial Services,Other
Charitable Organizations & Foundations,Other
Mechanical or Industrial Engineering,Other
Industry.retail.furniture,Other
Wineries & Breweries,Other
Human Resources,Other
Industrial Automation,Other
Music & Music Related Services,Other
Nonprofit,Other
"Lumber, Wood Production & Timber Operations",Other
Autres,Other
Metals & Minerals,Other
Lodging & Resorts,Other
Funeral Homes & Funeral Related Services,Other
Animals & Livestock,Other
Marine Shipping & Transportation,Other
Chemicals,Manufacturing
Automotive,Manufacturing
Consumer Products,Manufacturing
Manufacturing,Manufacturing
Health Care & Social Assistance,Health Care and Social Assistance
Medical Devices,Health Care and Social Assistance
HC&SA,Health Care and Social Assistance
Pharmaceuticals,Health Care and Social Assistance
Healthcare,Health Care and Social Assistance
Hospital & Health Care,Health Care and Social Assistance
Healthcare Delivery,Health Care and Social Assistance
Food & Beverage,Food & Beverage
Waste Management,Field Services
Field Services,Field Services
Movers,Field Services
"Waste Treatment, Environmental Services & Recycling",Field Services
Pest Control,Field Services
Landscaping,Field Services
Construction,Construction
Plumbing/HVAC,Construction
Building Materials,Construction
Commercial & Residential Construction,Construction
HVAC / Electrical / Plumbing,Construction
Machinery,Construction
