0,OBD_VALUE_INVALID
1,OBD_VALUE_ODOMETER_HIGH_RES_METERS
2,OBD_VALUE_ODOMETER_LOW_RES_METERS
3,OBD_VALUE_TOTAL_ENGINE_SECONDS
4,OBD_VALUE_FUEL_RATE_ML_PER_HOUR
5,OBD_VALUE_FUEL_LEVEL_PERCENT
6,OBD_VALUE_SEATBELT_STATE
7,OBD_VALUE_ACCEL_PEDAL_DECIPERCENT
8,OBD_VALUE_TIRE_CONDITION_PRESSURE_KPA
9,OBD_VALUE_TIRE_CONDITION_TEMPERATURE_MILLIC
10,OBD_VALUE_TIRE_CONDITION_SENSOR_STATUS
11,OBD_VALUE_TIRE_CONDITION_TIRE_STATUS
12,OBD_VALUE_TIRE_CONDITION_PRESSURE_STATUS
13,OBD_VALUE_ADDRESS_CLAIMED_MANUFACTURER_CODE
14,OBD_VALUE_ADDRESS_CLAIMED_IDENTITY_NUMBER
15,OBD_VALUE_ADDRESS_CLAIMED_VEHICLE_SYSTEM
16,OBD_VALUE_AIR_TEMP_MILLIC
17,OBD_VALUE_BAROMETER_PA
18,OBD_VALUE_BATTERY_MILLIV
19,OBD_VALUE_COOLANT_TEMP_MILLIC
20,OBD_VALUE_ENGINE_LOAD_PERCENT
21,OBD_VALUE_MNFLD_TEMP_MILLIC
22,OBD_VALUE_ENGINE_RPM
23,OBD_VALUE_TIRE_PRESSURE_FRONT_LEFT_KPA
24,OBD_VALUE_TIRE_PRESSURE_FRONT_RIGHT_KPA
25,OBD_VALUE_TIRE_PRESSURE_BACK_LEFT_KPA
26,OBD_VALUE_TIRE_PRESSURE_BACK_RIGHT_KPA
27,OBD_VALUE_FUEL_CONSUMED_ML
28,OBD_VALUE_FUEL_RATE_GRAMS_PER_SECOND
29,OBD_VALUE_FUEL_TYPE_ENUM
30,OBD_VALUE_FUEL_RATE_MAF_GRAMS_PER_SECOND
31,OBD_VALUE_BRAKE_STATE
32,OBD_VALUE_GEAR_STATE
33,OBD_VALUE_PTO_STATE
34,OBD_VALUE_SPEED_KM_PER_HOUR
35,OBD_VALUE_CLUTCH_STATE
36,OBD_VALUE_CRUISE_CONTROL_STATE
37,OBD_VALUE_CRUISE_CONTROL_ACTIVE
38,OBD_VALUE_EV_BATTERY_VOLTS
39,OBD_VALUE_EV_BATTERY_AMPS
40,OBD_VALUE_EV_LAST_CHARGE_WALL_AC_ENERGY_CONSUMED_WH
41,OBD_VALUE_EV_DISTANCE_DRIVEN_ON_ELECTRIC_POWER_THIS_TRIP_KM
42,OBD_VALUE_IGNITION_TYPE_ENUM
43,OBD_VALUE_ENGINE_TORQUE_PERCENT
44,OBD_VALUE_FUEL_REMAINING_ML
45,OBD_VALUE_ADC_MICRO_VOLTS
46,OBD_VALUE_ROTATING_FUEL_CONSUMED_MICRO_L_AND_ROLLOVER_MICRO_L
47,OBD_VALUE_EV_STATE_OF_CHARGE_USABLE_MILLIPERCENT
48,OBD_VALUE_ENGINE_LOAD_AT_CURRENT_SPEED_PERCENT
49,OBD_VALUE_EV_CHARGER_HV_CURRENT_MILLI_AMP
50,OBD_VALUE_EV_WAKE_ON_PASSIVE_CAN_TRIGGER
51,OBD_VALUE_EV_STATE_OF_CHARGE_RAW_MILLIPERCENT
52,OBD_VALUE_ENGINE_RUNTIME_SINCE_IGNITION_SECONDS
53,OBD_VALUE_AIR_INLET_PRESSURE_PA
54,OBD_VALUE_BOOST_PRESSURE_PA
55,OBD_VALUE_AIR_INLET_TEMP_MILLIC
56,OBD_VALUE_AVG_AC_CURRENT_MILLIAMPS
57,OBD_VALUE_AVG_AC_FREQ_MICROHZ
58,OBD_VALUE_LINE_TO_LINE_MILLIVOLTS
59,OBD_VALUE_LINE_TO_NEUTRAL_MILLIVOLTS
60,OBD_VALUE_BATT_POTENTIAL_MILLIVOLTS
61,OBD_VALUE_GAS_PRESSURE_PA
62,OBD_VALUE_PHASE_A_AC_FREQ_MICROHZ
63,OBD_VALUE_PHASE_A_RMS_AMPS
64,OBD_VALUE_PHASE_A_LL_RMS_VOLTS
65,OBD_VALUE_PHASE_A_LN_RMS_VOLTS
66,OBD_VALUE_PHASE_B_RMS_AMPS
67,OBD_VALUE_PHASE_B_LL_RMS_VOLTS
68,OBD_VALUE_PHASE_B_LN_RMS_VOLTS
69,OBD_VALUE_PHASE_C_RMS_AMPS
70,OBD_VALUE_PHASE_C_LL_RMS_VOLTS
71,OBD_VALUE_PHASE_C_LN_RMS_VOLTS
72,OBD_VALUE_POWER_FACTOR_RATIO
74,OBD_VALUE_TOTAL_APPARENT_POWER_VOLTAMP
75,OBD_VALUE_TOTAL_KW_HOURS_EXPORT_KWH
76,OBD_VALUE_TOTAL_POWER_KW
77,OBD_VALUE_APPARENT_POWER_KVA
78,OBD_VALUE_EV_CHARGER_HV_MILLI_VOLT
79,OBD_VALUE_EV_DISTANCE_DRIVEN_ON_ELECTRIC_POWER_THIS_TRIP_METERS
80,OBD_VALUE_EV_CHARGER_HV_MICRO_WATT
81,OBD_VALUE_EV_CHARGE_IN_PROGRESS
82,OBD_VALUE_EV_DISTANCE_REMAINING_METERS
83,OBD_VALUE_DEF_LEVEL_MILLIPERCENT
84,OBD_VALUE_EV_BATTERY_CONSUMED_THIS_TRIP_MICRO_WH
85,OBD_VALUE_EV_BATTERY_REGEN_THIS_TRIP_MICRO_WH
86,OBD_VALUE_INTERNAL_TEST_ODOMETER_METERS
87,OBD_VALUE_ENGINE_STATE
90,OBD_VALUE_TOTAL_REACTIVE_POWER_VOLTAMP_REACTIVE
91,OBD_VALUE_INTERNAL_TEST_VIN_SPECIFIC_ODOMETER_METERS
92,OBD_VALUE_FUEL_INJECTED_PER_STROKE_MICROGRAM
93,OBD_VALUE_INTERNAL_TEST_HYBRID_EV_SYSTEM_DATA
94,OBD_VALUE_INTERNAL_TEST_GEAR_STATE
95,OBD_VALUE_ECU_HISTORY_TOTAL_RUN_TIME_SEC
96,OBD_VALUE_INTERNAL_TEST_SEATBELT
97,OBD_VALUE_FUEL_INJECTED_PER_STROKE_CUBIC_MICROMETER
98,OBD_VALUE_INTAKE_MANIFOLD_TEMP_MICROC
99,OBD_VALUE_OBD_COMPLIANCE_STANDARD
100,OBD_VALUE_BOOST_PRESSURE_TURBOCHARGER_1_PA
101,OBD_VALUE_BOOST_PRESSURE_TURBOCHARGER_2_PA
102,OBD_VALUE_COMPONENT_ID_SERIAL_NUMBER
103,OBD_VALUE_TIRE_CONDITION_TEMPERATURE_STATUS
104,OBD_VALUE_TIRE_PRESSURE_REFERENCE_KPA
109,OBD_VALUE_OVERALL_POWER_FACTOR_LAGGING_ENUM
110,OBD_VALUE_TOTAL_REAL_POWER_WATT
112,OBD_VALUE_ENGINE_AIR_COOLER_COOLANT_LEVEL_DECI_PERCENT
113,OBD_VALUE_ENGINE_INTAKE_MANIFOLD_ABS_PRESSURE_KPA
114,OBD_VALUE_ENGINE_TURBOCHARGER_COMPRESSOR_OUTLET_TEMP_MICROC
115,OBD_VALUE_ENGINE_EXHAUST_MANIFOLD_BANK_1_TEMP_MICROC
116,OBD_VALUE_ENGINE_EXHAUST_MANIFOLD_BANK_2_TEMP_MICROC
117,OBD_VALUE_ENGINE_OIL_TEMP_MICROC
118,OBD_VALUE_ENGINE_INTERCOOLER_TEMP_C
119,OBD_VALUE_FUEL_DELIVERY_PRESSURE_KPA
120,OBD_VALUE_ENGINE_OIL_LEVEL_DECIPERCENT
121,OBD_VALUE_AMBIENT_AIR_TEMP_MICROC
122,OBD_VALUE_ENGINE_EXHAUST_TEMP_MICROC
123,OBD_VALUE_AIR_FILTER_DIFF_PRESSURE_PA
124,OBD_VALUE_TOTAL_KW_HOURS_IMPORT_KWH
125,OBD_VALUE_EQUIVALENCE_RATIO_MILLI
126,OBD_VALUE_SHORT_TERM_FUEL_TRIM_LEVEL_MILLI_B1
127,OBD_VALUE_LONG_TERM_FUEL_TRIM_LEVEL_MILLI_B1
128,OBD_VALUE_ENGINE_DESIRED_IGNITION_TIMING_1_NANO_DEGREES
129,OBD_VALUE_ENGINE_ACTUAL_IGNITION_TIMING_NANO_DEGREES
130,OBD_VALUE_CCVS_PTO_STATE
131,OBD_VALUE_PTODE_PTO_STATE
132,OBD_VALUE_AT1DPF_SOOT_LOAD_PERCENT
133,OBD_VALUE_DPF_LAMP_STATUS
134,OBD_VALUE_ISO_14229_1_TESTER_PRESENT
135,OBD_VALUE_SERVICE_BRAKE_STATE
136,OBD_VALUE_FRONT_AXLE_SPEED_KM_PER_HOUR
137,OBD_VALUE_WHEEL_BASED_SPEED_KM_PER_HOUR
138,OBD_VALUE_FORWARD_VEHICLE_SPEED_KM_PER_HOUR
139,OBD_VALUE_FORWARD_VEHICLE_DISTANCE_METERS
140,OBD_VALUE_PROP_ANALOG_INPUT_VOLTAGE1_MILLI_VOLTS
141,OBD_VALUE_PROP_ANALOG_INPUT_VOLTAGE2_MILLI_VOLTS
142,OBD_VALUE_PROP_ANALOG_INPUT_VOLTAGE3_MILLI_VOLTS
146,OBD_VALUE_RAW_MONITOR_STATUS
147,OBD_VALUE_RAW_DTC
148,OBD_VALUE_RAW_DTC_PENDING
149,OBD_VALUE_RAW_DTC_PERMANENT
150,OBD_VALUE_FUEL_TEMP_MILLIC
151,OBD_VALUE_ENGINE_OIL_PRESSURE_KPA
152,OBD_VALUE_FUEL_ECONOMY_METERS_PER_KILOGRAM
153,OBD_VALUE_SERVICE_DISTANCE_METERS
154,OBD_VALUE_RAW_DM1
155,OBD_VALUE_RAW_VDS
156,OBD_VALUE_RAW_TOTAL_ENGINE_RUNTIME
157,OBD_VALUE_TOTAL_ENGINE_RUNTIME_SECONDS
158,OBD_VALUE_RAW_VIN
159,OBD_VALUE_ENGINE_THROTTLE_ACTUATOR_1_CONTROL_COMMAND_MICROPERCENT
160,OBD_VALUE_THROTTLE_VALVE_1_POSITION_1_DECIPERCENT
161,OBD_VALUE_PROP_ANALOG_INPUT_CURRENT1_MICRO_AMPS
162,OBD_VALUE_PROP_ANALOG_INPUT_CURRENT2_MICRO_AMPS
163,OBD_VALUE_PROP_ANALOG_INPUT_CURRENT3_MICRO_AMPS
164,OBD_VALUE_ECU_IDENTIFICATION_INFORMATION
165,OBD_VALUE_TACHOGRAPH_CARD_NUMBER
166,OBD_VALUE_RAW_TACHOGRAPH
167,OBD_VALUE_RAW_FMS
168,OBD_VALUE_ECU_NAME
169,OBD_VALUE_RAW_CAL_ID
170,OBD_VALUE_RAW_CVN
171,OBD_VALUE_MIL_DISTANCE_KM
172,OBD_VALUE_MIL_RUNTIME_MINUTES
173,OBD_VALUE_DTC_CLEAR_MINUTES
174,OBD_VALUE_DTC_WARMUPS_CLEARED
175,OBD_VALUE_DTC_CLEAR_DISTANCE_KM
176,OBD_VALUE_SUPPORTED_COMMAND
177,OBD_VALUE_RAW_DM2
178,OBD_VALUE_J939_HIGH_RESOLUTION_FUEL_CONSUMPTION_LIQUID
179,OBD_VALUE_GASEOUS_FUEL_CONSUMED_GRAMS
180,OBD_VALUE_BRAKE_PEDAL_DECIPERCENT
181,OBD_VALUE_FUEL_LEVEL_1_DECIPERCENT
182,OBD_VALUE_FUEL_LEVEL_2_DECIPERCENT
183,OBD_VALUE_AFTERTREATMENT_1_DIESEL_EXHAUST_FLUID_TANK_VOLUME_DECIPERCENT
184,OBD_VALUE_AFTERTREATMENT_1_DIESEL_EXHAUST_FLUID_TANK_LEVEL_MICROMETER
185,OBD_VALUE_AFTERTREATMENT_1_DIESEL_PARTICULATE_FILTER_SOOT_LOAD_PERCENT
186,OBD_VALUE_ENGINE_TOTAL_IDLE_TIME_MINUTES
187,OBD_VALUE_ENGINE_TOTAL_IDLE_FUEL_USED_MILLILITERS
188,OBD_VALUE_ENGINE_EXHAUST_MANIFOLD_BANK_2_TEMP_1_MICROCELSIUS
189,OBD_VALUE_ENGINE_EXHAUST_MANIFOLD_BANK_1_TEMP_1_MICROCELSIUS
190,OBD_VALUE_AFTERTREATMENT_REGENERATION_INHIBIT_SWITCH_STATE
191,OBD_VALUE_SCR_SYSTEM_CLEANING_INHIBITED_STATUS_STATE
192,OBD_VALUE_SCR_SYSTEM_CLEANING_INHIBITED_DUE_TO_INHIBIT_SWITCH_STATE
193,OBD_VALUE_DIESEL_PARTICULATE_FILTER_ACTIVE_REGENERATION_INHIBITED_STATUS_STATE
194,OBD_VALUE_DIESEL_PARTICULATE_FILTER_ACTIVE_REGENERATION_INHIBITED_DUE_TO_INHIBIT_SWITCH_STATE
195,OBD_VALUE_SULLAIR_COMPRESSOR_P1_PRESSURE_PA
196,OBD_VALUE_SULLAIR_COMPRESSOR_P2_PRESSURE_PA
197,OBD_VALUE_SULLAIR_COMPRESSOR_P3_PRESSURE_PA
198,OBD_VALUE_SULLAIR_COMPRESSOR_DISCHARGE_TEMP_MICROCELSIUS
199,OBD_VALUE_SULLAIR_COMPRESSOR_FUEL_LEVEL_DECIPERCENT
200,OBD_VALUE_FW_INTERNAL_FUEL_TYPE
201,OBD_VALUE_FW_INTERNAL_FUEL_DENSITY
202,OBD_VALUE_FW_INTERNAL_ENGINE_VOLUMETRIC_EFFICIENCY
203,OBD_VALUE_FW_INTERNAL_ENGINE_DISPLACEMENT_CM3
204,OBD_VALUE_FW_INTERNAL_FUEL_TANK_VOLUME_ML
205,OBD_VALUE_TIME_DATE
206,OBD_VALUE_DRIVER1_DRIVING_REST_TIMES
207,OBD_VALUE_DRIVER2_DRIVING_REST_TIMES
208,OBD_VALUE_EV_BATTERY_MILLI_VOLTS
209,OBD_VALUE_EV_BATTERY_MILLI_AMPS
210,OBD_VALUE_EV_BATTERY_CHARGED_MICRO_WH
211,OBD_VALUE_FW_INTERNAL_ENGINE_STATE
212,OBD_VALUE_FW_INTERNAL_EV_CHARGING_STATUS
213,OBD_VALUE_COMPONENT_ID
214,OBD_VALUE_EV_BATTERY_SOH_MILLI_PERCENT
216,OBD_VALUE_EV_CHARGER_TYPE
217,OBD_VALUE_EV_BATTERY_AVERAGE_CELL_TEMPERATURE_MILLI_CELCIUS
218,OBD_VALUE_METHOD_UNKNOWN
219,OBD_VALUE_METHOD_FUEL_RATE
220,OBD_VALUE_METHOD_FUEL_MAF
221,OBD_VALUE_METHOD_FUEL_LIFETIME_CONSUMPTION
222,OBD_VALUE_METHOD_FUEL_RATE_MASS
223,OBD_VALUE_METHOD_FUEL_TANK_LEVEL_VOLUME
224,OBD_VALUE_METHOD_FUEL_ROTATING_CONSUMPTION
225,OBD_VALUE_METHOD_FUEL_INJECTION_QUANTITY_PER_STROKE_VOLUME
226,OBD_VALUE_METHOD_FUEL_INJECTION_QUANTITY_PER_STROKE_MASS
227,OBD_VALUE_METHOD_FUEL_MAF_CLV
228,OBD_VALUE_METHOD_FUEL_MAF_EQR
229,OBD_VALUE_METHOD_FUEL_MAF_CLV_EQR
230,OBD_VALUE_METHOD_FUEL_MAP_MAF
231,OBD_VALUE_METHOD_FUEL_MAP_MAF_CLV
232,OBD_VALUE_METHOD_FUEL_MAP_MAF_EQR
233,OBD_VALUE_METHOD_FUEL_MAP_MAF_CLV_EQR
234,OBD_VALUE_METHOD_FUEL_MAP_MAF_ST_B1
235,OBD_VALUE_METHOD_FUEL_MAP_MAF_LT_B1
236,OBD_VALUE_METHOD_FUEL_MAP_MAF_ST_B1_LT_B1
237,OBD_VALUE_METHOD_FUEL_TANK_PERCENT_VOLUME
238,OBD_VALUE_METHOD_FUEL_HIGH_RESOLUTION_LIFETIME_CONSUMPTION
239,OBD_VALUE_METHOD_FUEL_LIFETIME_GASEOUS_CONSUMPTION
240,OBD_VALUE_METHOD_EV_ENERGY_CONSUMED_THIS_TRIP
241,OBD_VALUE_METHOD_EV_ENERGY_CONSUMED_BATTERY_VOLTS_AMPS
242,OBD_VALUE_METHOD_EV_ENERGY_REGEN_THIS_TRIP
243,OBD_VALUE_METHOD_EV_ENERGY_REGEN_BATTERY_VOLTS_AMPS
244,OBD_VALUE_METHOD_EV_CHARGING_ENERGY_BATTERY_CHARGED
245,OBD_VALUE_METHOD_EV_CHARGING_ENERGY_CHARGER_ENERGY
246,OBD_VALUE_METHOD_EV_CHARGING_ENERGY_CHARGER_VOLTS_AMPS
247,OBD_VALUE_METHOD_EV_CHARGING_ENERGY_REGEN_THIS_TRIP
248,OBD_VALUE_METHOD_EV_CHARGING_ENERGY_BATTERY_VOLTS_AMP_WITH_CHARGING_STATUS
249,OBD_VALUE_METHOD_COASTING_BRAKE_AND_TORQUE_PERCENT
250,OBD_VALUE_METHOD_COASTING_BRAKE_STATE_AND_TORQUE_PERCENT
251,OBD_VALUE_METHOD_COASTING_BRAKE_PERCENT_AND_ENGINE_LOAD
252,OBD_VALUE_METHOD_COASTING_BRAKE_STATE_AND_ENGINE_LOAD
253,OBD_VALUE_METHOD_COASTING_NO_CC_BRAKE_PERCENT
254,OBD_VALUE_METHOD_COASTING_NO_CC_BRAKE_STATE
255,OBD_VALUE_METHOD_COASTING_NO_CC_BRAKE_AND_TORQUE_PERCENT
256,OBD_VALUE_METHOD_COASTING_NO_CC_BRAKE_STATE_AND_TORQUE_PERCENT
257,OBD_VALUE_METHOD_COASTING_NO_CC_BRAKE_PERCENT_AND_ENGINE_LOAD
258,OBD_VALUE_METHOD_COASTING_NO_CC_BRAKE_STATE_AND_ENGINE_LOAD
259,OBD_VALUE_METHOD_COASTING_IGNORE_BRAKE_TORQUE_PERCENT
260,OBD_VALUE_METHOD_COASTING_IGNORE_BRAKE_ENGINE_LOAD
261,OBD_VALUE_METHOD_ACCEL_PEDAL_OVER_THRESHOLD
262,OBD_VALUE_METHOD_TORQUE_OVER_LIMIT_TORQUE_PERCENT
263,OBD_VALUE_METHOD_TORQUE_OVER_LIMIT_ENGINE_LOAD
264,OBD_VALUE_METHOD_TORQUE_OVER_LIMIT_NO_CC_TORQUE_PERCENT
265,OBD_VALUE_METHOD_TORQUE_OVER_LIMIT_NO_CC_ENGINE_LOAD
266,OBD_VALUE_METHOD_BRAKE_EVENT_BRAKE_PERCENT
267,OBD_VALUE_METHOD_BRAKE_EVENT_BRAKE_STATE
268,OBD_VALUE_METHOD_ANTICIPATION_BRAKE_EVENT_BRAKE_PERCENT
269,OBD_VALUE_METHOD_ANTICIPATION_BRAKE_EVENT_BRAKE_STATE
270,OBD_VALUE_METHOD_CRUISE_CONTROL_ENABLED_DURATION
271,OBD_VALUE_METHOD_GREEN_BAND_RPM
272,OBD_VALUE_METHOD_FUEL_ACCUMULATED_LIFETIME_LIQUID_CONSUMPTION
273,OBD_VALUE_CONFIG_FUEL_TYPE_OVERRIDE
274,OBD_VALUE_CONFIG_FUEL_TYPE_VIN
275,OBD_VALUE_CONFIG_FUEL_TYPE_DEFAULT
276,OBD_VALUE_CONFIG_FUEL_DENSITY
277,OBD_VALUE_CONFIG_FUEL_TANK_VOLUME_ML
278,OBD_VALUE_CONFIG_ENGINE_VOLUMETRIC_EFFICIENCY
279,OBD_VALUE_CONFIG_ENGINE_DISPLACEMENT_CM3
280,OBD_VALUE_CONFIG_VEHICLE_WEIGHT_KILOGRAMS
281,OBD_VALUE_SCANTOOL_DETECTED
282,OBD_VALUE_RAW_TIRE_CONDITION
284,OBD_VALUE_RAW_ENGINE_SERIAL_NUMBER
285,OBD_VALUE_EV_REMAINING_ENERGY_WH
286,OBD_VALUE_EV_BATTERY_REAL_STATE_OF_CHARGE_MILLIPERCENT
287,OBD_VALUE_EV_BATTERY_DISPLAY_STATE_OF_CHARGE_MILLIPERCENT
288,OBD_VALUE_FUEL_RATE_MILLIGRAMS_PER_SECOND
289,OBD_VALUE_FUEL_RATE_MAF_MILLIGRAMS_PER_SECOND
290,OBD_VALUE_ELD_ODOMETER_HIGH_RES_METERS
291,OBD_VALUE_ELD_ODOMETER_LOW_RES_METERS
292,OBD_VALUE_TIRE_PRESSURE_HIGH_RANGE_KPA
293,OBD_VALUE_SUPPORTS_DERIVED_DTC_STATUS
294,OBD_VALUE_DERIVED_ODOMETER_METERS
295,OBD_VALUE_DM1_STATUS
296,OBD_VALUE_DM2_STATUS
297,OBD_VALUE_DERIVED_ENGINE_GAUGE
298,OBD_VALUE_DERIVED_ENGINE_STATE
299,OBD_VALUE_DERIVED_TOTAL_ENGINE_RUNTIME_SECONDS
300,OBD_VALUE_DERIVED_CHARGE_IN_PROGRESS
301,OBD_VALUE_DERIVED_PTO_STATE
302,OBD_VALUE_DERIVED_SEATBELT_STATE
303,OBD_VALUE_SUPPORTS_SMOG
304,OBD_VALUE_DERIVED_SPEED_KM_PER_HOUR
305,OBD_VALUE_SUPPORTS_TACHOGRAPH_DRIVER
306,OBD_VALUE_SUPPORTS_VIN_DEBUG
307,OBD_VALUE_DERIVED_ELECTRIC_DISTANCE_DRIVEN_METERS
308,OBD_VALUE_DERIVED_REGENERATION_ENERGY_WH
309,OBD_VALUE_DERIVED_CHARGING_ENERGY_WH
310,OBD_VALUE_DERIVED_CONSUMED_ENERGY_WH
311,OBD_VALUE_METHOD_CONSUMED_WHILE_NOT_CHARGING
312,OBD_VALUE_SUPPORTED_COMMAND_0100
313,OBD_VALUE_SUPPORTED_COMMAND_0120
314,OBD_VALUE_SUPPORTED_COMMAND_0140
315,OBD_VALUE_SUPPORTED_COMMAND_0160
316,OBD_VALUE_SUPPORTED_COMMAND_0180
317,OBD_VALUE_SUPPORTED_COMMAND_01A0
318,OBD_VALUE_SUPPORTED_COMMAND_01C0
319,OBD_VALUE_SUPPORTED_COMMAND_01E0
320,OBD_VALUE_SUPPORTED_COMMAND_0900
321,OBD_VALUE_SUPPORTED_COMMAND_22F400
322,OBD_VALUE_SUPPORTED_COMMAND_22F420
323,OBD_VALUE_SUPPORTED_COMMAND_22F440
324,OBD_VALUE_SUPPORTED_COMMAND_22F460
325,OBD_VALUE_SUPPORTED_COMMAND_22F480
326,OBD_VALUE_SUPPORTED_COMMAND_22F4A0
327,OBD_VALUE_SUPPORTED_COMMAND_22F4C0
328,OBD_VALUE_SUPPORTED_COMMAND_22F4E0
329,OBD_VALUE_SUPPORTED_COMMAND_22F800
330,OBD_VALUE_METHOD_ELECTRIC_DISTANCE_WITHOUT_RPM
331,OBD_VALUE_SUPPORTS_SMOG_J1979
332,OBD_VALUE_SUPPORTS_SMOG_ISO27145
333,OBD_VALUE_REEFER_STATE
334,OBD_VALUE_REEFER_ENGINE_HOURS
335,OBD_VALUE_REEFER_ELECTRIC_HOURS
336,OBD_VALUE_REEFER_ON_HOURS
337,OBD_VALUE_REEFER_FUEL_LEVEL_PERCENT
338,OBD_VALUE_REEFER_BATTERY_VOLTAGE_MILLIV
339,OBD_VALUE_REEFER_ALARMS
340,OBD_VALUE_REEFER_DISPLAY_RET_AIR_TEMP_MILLIC
341,OBD_VALUE_REEFER_RUN_MODE
342,OBD_VALUE_REEFER_SUPPLY_AIR_TEMP_MILLIC
343,OBD_VALUE_REEFER_AMBIENT_AIR_TEMP_MILLIC
344,OBD_VALUE_REEFER_RETURN_AIR_TEMP_MILLIC_ZONE_2
345,OBD_VALUE_REEFER_SUPPLY_AIR_TEMP_MILLIC_ZONE_2
346,OBD_VALUE_REEFER_RETURN_AIR_TEMP_MILLIC_ZONE_3
347,OBD_VALUE_REEFER_SUPPLY_AIR_TEMP_MILLIC_ZONE_3
348,OBD_VALUE_REEFER_ATTACHED_CONTROLLER
349,OBD_VALUE_REEFER_ACTIVE_ZONES
350,OBD_VALUE_REEFER_ENGINE_HOURS_ZONE_2
351,OBD_VALUE_REEFER_DOOR_OPEN_ZONE_1
352,OBD_VALUE_REEFER_DOOR_OPEN_ZONE_2
353,OBD_VALUE_REEFER_DOOR_OPEN
354,OBD_VALUE_REEFER_DOOR_OPEN_ZONE_3
355,OBD_VALUE_REEFER_PowerStatus
356,OBD_VALUE_REEFER_PretripStatus
357,OBD_VALUE_REEFER_ROAD_HOURS_ZONE1
358,OBD_VALUE_REEFER_ROAD_HOURS_ZONE2
359,OBD_VALUE_SALT_SPREADER_TYPE
360,OBD_VALUE_SALT_SPREADER_STATE
361,OBD_VALUE_SALT_SPREADER_SPREAD_RATE_DRY_MILLIGRAMS_PER_METER
362,OBD_VALUE_SALT_SPREADER_ACTUAL_SPREAD_RATE_DRY_MILLIGRAMS_PER_METER
363,OBD_VALUE_SALT_SPREADER_SET_POINT_SPREAD_RATE_DRY_MILLIGRAMS_PER_METER
364,OBD_VALUE_SALT_SPREADER_SPREAD_RATE_PREWET_LITERS_PER_TONNE
365,OBD_VALUE_SALT_SPREADER_GROUND_TEMP_MILLIC
366,OBD_VALUE_SALT_SPREADER_AIR_TEMP_MILLIC
367,OBD_VALUE_SALT_SPREADER_MAJOR_EVENT
368,OBD_VALUE_SALT_SPREADER_QUANTITY_SPREAD_DRY_MILLIGRAMS
369,OBD_VALUE_SALT_SPREADER_QUANTITY_SPREAD_WET_MILLILITERS
370,OBD_VALUE_REEFER_REEFER_STATE_ZONE_1
371,OBD_VALUE_REEFER_REEFER_STATE_ZONE_2
372,OBD_VALUE_REEFER_REEFER_STATE_ZONE_3
373,OBD_VALUE_REEFER_STATE_ZONE_1
374,OBD_VALUE_REEFER_STATE_ZONE_2
375,OBD_VALUE_SALT_SPREADER_GROUND_SPEED_MILLIKNOTS
376,OBD_VALUE_SALT_SPREADER_PERCENT_MATERIAL_LEVEL
377,OBD_VALUE_SALT_SPREADER_SET_POINT_SPREAD_RATE_WET_MILLILITERS_PER_METER
378,OBD_VALUE_SALT_SPREADER_SPREAD_RATE_WET_MILLILITERS_PER_METER
379,OBD_VALUE_SALT_SPREADER_ACTUAL_SPREAD_RATE_WET_MILLILITERS_PER_METER
380,OBD_VALUE_SALT_SPREADER_QUANTITY_SPREAD_PREWET_MILLILITERS
381,OBD_VALUE_SALT_SPREADER_SPREAD_RATE_PREWET_MILLILITERS_PER_METER
382,OBD_VALUE_SALT_SPREADER_ACTUAL_SPREAD_RATE_PREWET_MILLILITERS_PER_METER
383,OBD_VALUE_ABSOLUTE_ENGINE_LOAD_PERCENT
384,OBD_VALUE_METHOD_FUEL_MAP_MAF_ABSOLUTE_ENGINE_LOAD
385,OBD_VALUE_RELATIVE_HUMIDITY
386,OBD_VALUE_EVENT_NUMBER
387,OBD_VALUE_TIME
388,OBD_VALUE_DATE
389,OBD_VALUE_STATUS
390,OBD_VALUE_GRANULAR_MODE
391,OBD_VALUE_MEASUREMENT_UNITS
392,OBD_VALUE_VEHICLE_SPEED
393,OBD_VALUE_DISTANCE_TOTAL
394,OBD_VALUE_GRANULAR_MATERIAL_NAME
395,OBD_VALUE_GRANULAR_MATERIAL_SETTING
396,OBD_VALUE_SPINNER_LANE_COMPENSATION
397,OBD_VALUE_GRANULAR_MATERIAL_TOTAL
398,OBD_VALUE_SPINNER_DIAL_SETTING
399,OBD_VALUE_PREWET_SETTING
400,OBD_VALUE_PREWET_TOTAL
401,OBD_VALUE_DIRECT_SETTING
402,OBD_VALUE_DIRECT_TOTAL
403,OBD_VALUE_DIRECT_LANE_SWITCHES
404,OBD_VALUE_ROAD_TEMPERATURE
405,OBD_VALUE_AMBIENT_TEMPERATURE
406,OBD_VALUE_SPREADER_INFORMATION
407,OBD_VALUE_DRIVER_ID
408,OBD_VALUE_VEHICLE_ID
409,OBD_VALUE_ERROR_STATUS
410,OBD_VALUE_OPERATION_GATE_SETTING
411,OBD_VALUE_PREWET_LOOP_OPERATION
412,OBD_VALUE_PREWET_MATERIAL_NAME
413,OBD_VALUE_DIRECT_APPLICATION_LOOP_OPERATION
414,OBD_VALUE_DUST_CONTROL_SETTING
415,OBD_VALUE_DUST_CONTROL_TOTAL
416,OBD_VALUE_DUST_CONTROL_SPRAY_WIDTH
417,OBD_VALUE_DUST_CONTROL_LOOP_OPERATION
418,OBD_VALUE_UNLOAD_FUNCTION
419,OBD_VALUE_GRANULAR_SPREAD_RATE_INDEX
420,OBD_VALUE_PREWET_SPREAD_RATE_INDEX
421,OBD_VALUE_DIRECT_APPLICATION_SPREAD_RATE_INDEX
422,OBD_VALUE_DUST_CONTROL_SPREAD_RATE_INDEX
423,OBD_VALUE_TOW_PLOW_EVENT_NUMBER
424,OBD_VALUE_TOW_PLOW_TIME
425,OBD_VALUE_TOW_PLOW_DATE
426,OBD_VALUE_TOW_PLOW_IDENTIFICATION
427,OBD_VALUE_TOW_PLOW_MEASUREMENT_UNITS
428,OBD_VALUE_TOW_PLOW_VEHICLE_SPEED
429,OBD_VALUE_TOW_PLOW_DISTANCE_TOTAL
430,OBD_VALUE_TOW_PLOW_SPREADER_STATUS
431,OBD_VALUE_TOW_PLOW_GRANULAR_LOOP_MODE
432,OBD_VALUE_TOW_PLOW_GRANULAR_MATERIAL_NAME
433,OBD_VALUE_TOW_PLOW_GRANULAR_MATERIAL_SETTING
434,OBD_VALUE_TOW_PLOW_GRANULAR_MATERIAL_TOTAL
435,OBD_VALUE_TOW_PLOW_GRANULAR_RATE_INDEX
436,OBD_VALUE_TOW_PLOW_SPINNER_DIAL_POSITION
437,OBD_VALUE_TOW_PLOW_PREWET_LIQUID_LOOP_MODE
438,OBD_VALUE_TOW_PLOW_PREWET_LIQUID_MATERIAL_NAME
439,OBD_VALUE_TOW_PLOW_PREWET_LIQUID_RATE_SETTING
440,OBD_VALUE_TOW_PLOW_PREWET_LIQUID_VOLUME_TOTAL
441,OBD_VALUE_TOW_PLOW_PREWET_LIQUID_RATE_INDEX
442,OBD_VALUE_TOW_PLOW_DIRECT_LOOP_MODE
443,OBD_VALUE_TOW_PLOW_DIRECT_MATERIAL_NAME
444,OBD_VALUE_TOW_PLOW_DIRECT_VOLUME_TOTAL
445,OBD_VALUE_TOW_PLOW_DIRECT_RATE_SETTING
446,OBD_VALUE_TOW_PLOW_DIRECT_SPREAD_RATE_INDEX
447,OBD_VALUE_TOW_PLOW_DIRECT_LANES
448,OBD_VALUE_DIRECT_MATERIAL_NAME
449,OBD_VALUE_PREWET_LIQUID_MATERIAL_NAME
450,OBD_VALUE_DUST_CONTROL_MATERIAL_NAME
451,OBD_VALUE_OEL_TURN_SIGNAL_SWITCH
452,OBD_VALUE_FLI1_LANE_DEPARTURE_LEFT
453,OBD_VALUE_FLI1_LANE_DEPARTURE_RIGHT
454,OBD_VALUE_FLI1_LANE_DEPARTURE_IMMINENT_RIGHT
455,OBD_VALUE_FLI1_LANE_DEPARTURE_IMMINENT_LEFT
456,OBD_VALUE_FLI1_DRIVER_ALERTNESS_WARNING
457,OBD_VALUE_ASSC1_LANE_KEEPING_ASSIST_SYSTEM_STATE
458,OBD_VALUE_AEBS1_ADVANCED_EMERGENCY_BRAKING_SYSTEM_STATE
459,OBD_VALUE_AEBS1_COLLISION_WARNING_LEVEL
460,OBD_VALUE_AEBS1_TIME_TO_COLLISION_WITH_RELEVANT_OBJECT
461,OBD_VALUE_RAW_WWHOBDDTC_BY_MASK_RECORD
462,OBD_VALUE_RAW_WWHOBDDTC_WITH_PERMANENT_STATUS
463,OBD_VALUE_GASEOUS_FUEL_CONSUMED_STANDARD_CUBIC_METERS
464,OBD_VALUE_AT1DPF_ASH_LOAD_PERCENT
465,OBD_VALUE_J1939_DPF_REGEN_ACTIVE_STATUS
466,OBD_VALUE_J1939_DPF_REGEN_FORCED_STATUS
467,OBD_VALUE_J1939_DPF_REGEN_NEEDED_STATUS
468,OBD_VALUE_J1939_DPF_REGEN_PASSIVE_STATUS
469,OBD_VALUE_J1939_ACTUAL_RETARDER_PERCENT_TORQUE
470,OBD_VALUE_EV_CHARGING_RATE_KW
471,OBD_VALUE_RAW_ADDRESS_CLAIMED_NAME
472,OBD_VALUE_TTS_INDICATOR_AC_COOLING
473,OBD_VALUE_TTS_INDICATOR_LIGHTS_HIGH_BEAM
474,OBD_VALUE_TTS_INDICATOR_LIGHTS_LOW_BEAM
475,OBD_VALUE_TTS_INDICATOR_LIGHTS_TURN_SIGNALS
476,OBD_VALUE_TTS_INDICATOR_LIGHTS_HAZARDS
477,OBD_VALUE_TTS_INDICATOR_HANDICAPPED_PROVISIONS
478,OBD_VALUE_TTS_INDICATOR_PARKING_BRAKE
479,OBD_VALUE_TTS_INDICATOR_BRAKE_FAILURE
480,OBD_VALUE_TTS_INDICATOR_HATCH_OPEN
481,OBD_VALUE_TTS_INDICATOR_FUEL_LEVEL
482,OBD_VALUE_TTS_INDICATOR_ENGINE_COOLANT_TEMPERATURE
483,OBD_VALUE_TTS_INDICATOR_BATTERY_CHARGING_CONDITION
484,OBD_VALUE_TTS_INDICATOR_ENGINE_OIL
485,OBD_VALUE_TTS_INDICATOR_LIGHTS_POSITION
486,OBD_VALUE_TTS_INDICATOR_LIGHTS_FRONT_FOG
487,OBD_VALUE_TTS_INDICATOR_LIGHTS_REAR_FOG
488,OBD_VALUE_TTS_INDICATOR_PARK_HEATING
489,OBD_VALUE_TTS_INDICATOR_ENGINE
490,OBD_VALUE_TTS_INDICATOR_SERVICE
491,OBD_VALUE_TTS_INDICATOR_TRANSMISSION_FLUID_TEMPERATURE
492,OBD_VALUE_TTS_INDICATOR_TRANSMISSION_FAILURE
493,OBD_VALUE_TTS_INDICATOR_ANTI_LOCK_BRAKE_FAILURE
494,OBD_VALUE_TTS_INDICATOR_WORN_BRAKE_LININGS
495,OBD_VALUE_TTS_INDICATOR_WINDSHIELD_WASTER_FLUID
496,OBD_VALUE_TTS_INDICATOR_TIRE_MALFUNCTION
497,OBD_VALUE_TTS_INDICATOR_GENERAL_FAILURE
498,OBD_VALUE_TTS_INDICATOR_ENGINE_OIL_TEMPERATURE
499,OBD_VALUE_TTS_INDICATOR_ENGINE_OIL_LEVEL
500,OBD_VALUE_TTS_INDICATOR_ENGINE_COOLANT_LEVEL
501,OBD_VALUE_TTS_INDICATOR_STEERING_FLUID_LEVEL
502,OBD_VALUE_TTS_INDICATOR_STEERING_FAILURE
503,OBD_VALUE_TTS_INDICATOR_HEIGHT_CONTROL
504,OBD_VALUE_TTS_INDICATOR_RETARDER
505,OBD_VALUE_TTS_INDICATOR_ENGINE_EMISSION_SYSTEM_FAILURE
506,OBD_VALUE_TTS_INDICATOR_ESC_INDICATION
507,OBD_VALUE_TTS_INDICATOR_BRAKE_LIGHTS
508,OBD_VALUE_TTS_INDICATOR_ARTICULATION
509,OBD_VALUE_TTS_INDICATOR_STOP_REQUEST
510,OBD_VALUE_TTS_INDICATOR_PRAM_REQUEST
511,OBD_VALUE_TTS_INDICATOR_BUS_STOP_BRAKE
512,OBD_VALUE_TTS_INDICATOR_ADBLUE_LEVEL
513,OBD_VALUE_TTS_INDICATOR_RAISING
514,OBD_VALUE_TTS_INDICATOR_LOWERING
515,OBD_VALUE_TTS_INDICATOR_KNEELING
516,OBD_VALUE_TTS_INDICATOR_ENGINE_COMPARTMENT_TEMPERATURE
517,OBD_VALUE_TTS_INDICATOR_AUXILIARY_AIR_PRESSURE
518,OBD_VALUE_TTS_INDICATOR_AIR_FILTER_CLOGGED
519,OBD_VALUE_TTS_INDICATOR_FUEL_FILTER_DIFFERENTIAL_PRESSURE
520,OBD_VALUE_TTS_INDICATOR_SEATBELT
521,OBD_VALUE_TTS_INDICATOR_EBS
522,OBD_VALUE_TTS_INDICATOR_LANE_DEPARTURE_INDICATION
523,OBD_VALUE_TTS_INDICATOR_ADVANCED_EMERGENCY_BRAKING_SYSTEM
524,OBD_VALUE_TTS_INDICATOR_ACC
525,OBD_VALUE_TTS_INDICATOR_TRAILER_CONNECTED
526,OBD_VALUE_TTS_INDICATOR_ABS_TRAILER
527,OBD_VALUE_TTS_INDICATOR_AIRBAG
528,OBD_VALUE_TTS_INDICATOR_EBS_TRAILER
529,OBD_VALUE_TTS_INDICATOR_TACHOGRAPH_INDICATION
530,OBD_VALUE_TTS_INDICATOR_ESC_SWITCHED_OFF
531,OBD_VALUE_TTS_INDICATOR_LANE_DEPARTURE_WARNING_SWITCHED_OFF
532,OBD_VALUE_TTS_INDICATOR_ENGINE_EMISSION_FILTER
533,OBD_VALUE_TTS_INDICATOR_ELECTRIC_MOTOR_FAILURE
534,OBD_VALUE_TTS_INDICATOR_ADBLUE_TAMPERING
535,OBD_VALUE_TTS_INDICATOR_MULTIPLEX_SYSTEM
536,OBD_VALUE_TTS
537,OBD_VALUE_DERIVED_FRICTION_BRAKING_MS
538,OBD_VALUE_DERIVED_RETARDER_BRAKING_MS
539,OBD_VALUE_METHOD_RETARDER_EVENT_RETARDER_ACTIVE_DURATION_BRAKE_PERCENT
540,OBD_VALUE_METHOD_RETARDER_EVENT_RETARDER_ACTIVE_DURATION_BRAKE_STATE
541,OBD_VALUE_TACHOGRAPH_LIVE_DATA_DRIVER_1_WORKING_STATE
542,OBD_VALUE_TACHOGRAPH_LIVE_DATA_DRIVER_2_WORKING_STATE
543,OBD_VALUE_TACHOGRAPH_LIVE_DATA_REMAINING_CURRENT_DRIVING_TIME_MINUTES
544,OBD_VALUE_TACHOGRAPH_LIVE_DATA_REMAINING_TIME_UNTIL_NEXT_BREAK_OR_REST_MINUTES
545,OBD_VALUE_TACHOGRAPH_LIVE_DATA_DURATION_OF_NEXT_BREAK_REST_MINUTES
546,OBD_VALUE_TACHOGRAPH_LIVE_DATA_REMAINING_TIME_OF_CURRENT_BREAK_REST_MINUTES
547,OBD_VALUE_TACHOGRAPH_LIVE_DATA_TIME_LEFT_UNTIL_NEXT_DRIVING_PERIOD_MINUTES
548,OBD_VALUE_TACHOGRAPH_LIVE_DATA_DURATION_OF_NEXT_DRIVING_PERIOD_MINUTES
549,OBD_VALUE_TACHOGRAPH_LIVE_DATA_CURRENT_DAILY_DRIVING_TIME_MINUTES
550,OBD_VALUE_TACHOGRAPH_LIVE_DATA_TIME_LEFT_UNTIL_NEW_DAILY_REST_PERIOD_MINUTES
551,OBD_VALUE_TACHOGRAPH_LIVE_DATA_MINIMUM_DAILY_REST_MINUTES
552,OBD_VALUE_TACHOGRAPH_LIVE_DATA_REMAINING_DRIVING_TIME_OF_CURRENT_WEEK_MINUTES
553,OBD_VALUE_TACHOGRAPH_LIVE_DATA_TIME_LEFT_UNTIL_NEW_WEEKLY_REST_PERIOD_MINUTES
554,OBD_VALUE_TACHOGRAPH_LIVE_DATA_MINIMUM_WEEKLY_REST_MINUTES
555,OBD_VALUE_TACHOGRAPH_LIVE_DATA_OPEN_COMPENSATION_IN_THE_LAST_WEEK
556,OBD_VALUE_TACHOGRAPH_LIVE_DATA_OPEN_COMPENSATION_IN_WEEK_BEFORE_LAST
557,OBD_VALUE_TACHOGRAPH_LIVE_DATA_OPEN_COMPENSATION_IN_2ND_WEEK_BEFORE_LAST
558,OBD_VALUE_TACHOGRAPH_LIVE_DATA_DRIVER_1_TIME_RELATED_STATES
559,OBD_VALUE_TACHOGRAPH_LIVE_DATA_DRIVER_2_TIME_RELATED_STATES
560,OBD_VALUE_TACHOGRAPH_LIVE_DATA_TACHOGRAPH_SLOT_1_CARD_ID
561,OBD_VALUE_TACHOGRAPH_LIVE_DATA_TACHOGRAPH_SLOT_2_CARD_ID
562,OBD_VALUE_TACHOGRAPH_LIVE_DATA_TACHOGRAPH_SLOT_1_CARD_TYPE
563,OBD_VALUE_TACHOGRAPH_LIVE_DATA_TACHOGRAPH_SLOT_2_CARD_TYPE
564,OBD_VALUE_TACHOGRAPH_LIVE_DATA_TACHOGRAPH_TIME_DATE
565,OBD_VALUE_PROPULSION_SYSTEM_ACTIVE
566,OBD_VALUE_TACHOGRAPH_LIVE_DATA_END_OF_LAST_DAILY_REST_PERIOD_DRIVER_1
567,OBD_VALUE_TACHOGRAPH_LIVE_DATA_NUMBER_OF_TIMES_9H_DAILY_DRIVING_TIMES_EXCEEDED_DRIVER_1
568,OBD_VALUE_TACHOGRAPH_LIVE_DATA_DRIVER_1_MAXIMUM_DAILY_DRIVING_TIME
569,OBD_VALUE_TACHOGRAPH_LIVE_DATA_DRIVER_1_NUMBER_OF_USED_REDUCED_DAILY_REST_PERIODS
570,OBD_VALUE_TACHOGRAPH_LIVE_DATA_REMAINING_2_WEEKS_DRIVING_TIME_DRIVER_1
571,OBD_VALUE_FUNCTIONAL_ADDRESS_REQUEST_FOR_SERVICE01_PID0
572,OBD_VALUE_FUNCTIONAL_ADDRESS_REQUEST_FOR_SERVICE04
573,OBD_VALUE_FUNCTIONAL_ADDRESS_REQUEST_FOR_SERVICE07
574,OBD_VALUE_FUNCTIONAL_ADDRESS_REQUEST_FOR_SERVICE09_PID08
575,OBD_VALUE_FUNCTIONAL_ADDRESS_REQUEST_FOR_SERVICE09_PID0B
576,OBD_VALUE_FUNCTIONAL_ADDRESS_REQUEST_FOR_SERVICE01_PID0D
577,OBD_VALUE_HARSH_EVENT_TRIGGER
578,OBD_VALUE_EXHAUST_SYSTEM_HIGH_TEMPERATURE_LAMP_COMMAND
579,OBD_VALUE_AFTERTREATMENT_1_DIESEL_EXHAUST_FLUID_TANK_TEMPERATURE_1_CELCIUS
580,OBD_VALUE_AFTERTREATMENT_DIESEL_EXHAUST_FLUID_TANK_LOW_LEVEL_INDICATOR
581,OBD_VALUE_ENGINE_EXHAUST_GAS_RECIRCULATION_1_MASS_FLOW_RATE_GRAMS_PER_HOUR
582,OBD_VALUE_AFTERTREATMENT_1_DIESEL_PARTICULATE_FILTER_DIFFERENTIAL_PRESSURE_PASCAL
583,OBD_VALUE_AFTERTREATMENT_1_OUTLET_NOX_1_CENTI_PPM
584,OBD_VALUE_ENGINE_EXHAUST_1_NOX_1_CENTI_PPM
585,OBD_VALUE_AFTERTREATMENT_1_DIESEL_PARTICULATE_FILTER_INTAKE_PRESSURE_PASCAL
586,OBD_VALUE_AFTERTREATMENT_1_DIESEL_PARTICULATE_FILTER_OUTLET_PRESSURE_PASCAL
587,OBD_VALUE_AFTERTREATMENT_1_EXHAUST_TEMPERATURE_1_MICRO_CELCIUS
588,OBD_VALUE_AFTERTREATMENT_1_FUEL_RATE_CENTI_LITER_PER_HOUR
589,OBD_VALUE_AFTERTREATMENT_THERMAL_MANAGEMENT_STATUS
590,OBD_VALUE_AFTERTREATMENT_1_DIESEL_EXHAUST_FLUID_TANK_HEATER_DECI_CELCIUS
591,OBD_VALUE_AFTERTREATMENT_1_OUTLET_PERCENT_OXYGEN_1_MICRO_PERCENT
592,OBD_VALUE_ENGINE_EXHAUST_1_PERCENT_OXYGEN_1_MICRO_PERCENT
593,OBD_VALUE_ENGINE_COOLANT_PUMP_OUTLET_TEMPERATURE_CELCIUS
594,OBD_VALUE_AFTERTREATMENT_1_DIESEL_PARTICULATE_FILTER_SOOT_SIGNAL_STANDARD_DEVIATION_MICRO_PERCENT
595,OBD_VALUE_ENGINE_FUEL_1_TEMPERATURE_1_CELCIUS
596,OBD_VALUE_AFTERTREATMENT_1_DIESEL_PARTICULATE_FILTER_INTERMEDIATE_TEMPERATURE_MICRO_CELCIUS
597,OBD_VALUE_AFTERTREATMENT_1_DIESEL_EXHAUST_FLUID_TEMPERATURE_2_CELCIUS
598,OBD_VALUE_ENGINE_TURBOCHARGER_1_COMPRESSOR_OUTLET_TEMPERATURE_MICRO_CELCIUS
599,OBD_VALUE_AFTERTREATMENT_1_PARTICULATE_SENSOR_NANO_GRAM_PER_METER_CUBED
600,OBD_VALUE_ENGINE_EXHAUST_GAS_RECIRCULATION_1_VALVE_1_CONTROL_1_MICRO_PERCENT
601,OBD_VALUE_AFTERTREATMENT_1_SCR_CONVERSION_EFFICIENCY_DECI_PERCENT
602,OBD_VALUE_ENGINE_EXHAUST_1_CORRECTED_NOX_CENTI_PPM
603,OBD_VALUE_ENGINE_EXHAUST_GAS_RECIRCULATION_1_VALVE_2_CONTROL_MICRO_PERCENT
604,OBD_VALUE_ENGINE_EXHAUST_GAS_RECIRCULATION_1_COOLER_EFFICIENCY_DECI_PERCENT
605,OBD_VALUE_ENGINE_CRANKCASE_PRESSURE_1_MICRO_PASCAL
606,OBD_VALUE_ENGINE_OIL_TEMPERATURE_1_MICRO_CELCIUS
607,OBD_VALUE_ENGINE_OIL_FILTER_DIFFERENTIAL_PRESSURE_PASCAL
608,OBD_VALUE_ENGINE_OIL_FILTER_LIFE_REMAINING_DECI_PERCENT
609,OBD_VALUE_ENGINE_CRANKCASE_BREATHER_OIL_SEPARATOR_SPEED_RPM
610,OBD_VALUE_ENGINE_COOLANT_PUMP_CONTROL
611,OBD_VALUE_ENGINE_OIL_FILTER_OUTLET_PRESSURE_KILO_PASCAL
612,OBD_VALUE_ENGINE_OIL_LEVEL_HIGH_LOW_DECI_LITER
613,OBD_VALUE_ENGINE_OIL_PRESSURE_LOW_LAMP_COMMAND
614,OBD_VALUE_ENGINE_OIL_PRESSURE_LOW_LAMP_DATA
615,OBD_VALUE_ENGINE_OIL_TEMPERATURE_HIGH_LAMP_COMMAND
616,OBD_VALUE_ENGINE_OIL_FILTER_INTAKE_PRESSURE_KILO_PASCAL
617,OBD_VALUE_ENGINE_OIL_FILTER_DIFFERENTIAL_PRESSURE_KILO_PASCAL
618,OBD_VALUE_ENGINE_WAIT_TO_START_LAMP
620,OBD_VALUE_ENGINE_OIL_DENSITY_NANO_GRAM_PER_CUBIC_CENTIMETER
621,OBD_VALUE_ENGINE_TURBOCHARGER_LUBE_OIL_PRESSURE_1_KILO_PASCAL
622,OBD_VALUE_ENGINE_INTAKE_VALVE_ACTUATION_SYSTEM_OIL_PRESSURE_CENTI_PASCAL
623,OBD_VALUE_ENGINE_EXHAUST_VALVE_ACTUATION_SYSTEM_OIL_PRESSURE_CENTI_PASCAL
624,OBD_VALUE_ENGINE_OIL_TEMPERATURE_2_MICRO_CELCIUS
625,OBD_VALUE_ENGINE_OIL_VISCOSITY_NANO_CENTI_POISE
626,OBD_VALUE_AFTERTREATMENT_1_DIESEL_EXHAUST_FLUID_TANK_HEATER_DECI_PERCENT
627,OBD_VALUE_TOTAL_VEHICLE_CENTI_HOURS
628,OBD_VALUE_TRANSMISSION_1_OIL_TEMPERATURE_1_MICRO_CELSIUS
629,OBD_VALUE_TRANSMISSION_1_OIL_PRESSURE_KPA
630,OBD_VALUE_TRANSMISSION_OIL_TEMPERATURE_2_MICRO_CELSIUS
631,OBD_VALUE_TRANSMISSION_1_MAIN_OIL_PRESSURE_STATUS
632,OBD_VALUE_ENGINE_COOLANT_PRESSURE_1_KPA
633,OBD_VALUE_ENGINE_COOLANT_LEVEL_1_DECI_PERCENT
634,OBD_VALUE_ENGINE_COOLANT_PRESSURE_2_KPA
635,OBD_VALUE_GEAR_COMMANDED
636,OBD_VALUE_J1939_DPF_REGEN_CONTROL_1_RAW
637,OBD_VALUE_J1939_DPF_REGEN_HISTORICAL_INFORMATION_1_RAW
638,OBD_VALUE_J1939_AT1OG2_EXHAUST_TEMPERATURE_3_MICRO_CELSIUS
639,OBD_VALUE_J1939_AT1S1_DIESEL_PARTICULATE_FILTER_TIME_SINCE_LAST_ACTIVE_REGENERATION_SECONDS
640,OBD_VALUE_J1939_AT1S2_DIESEL_PARTICULATE_FILTER_TIME_TO_NEXT_ACTIVE_REGENERATION_SECONDS
641,OBD_VALUE_FORWARD_COLLISION_WARNING
642,OBD_VALUE_ACC_DISTANCE_ALERT_SIGNAL
643,OBD_VALUE_XBR_EXTERNAL_ACCELERATION_DEMAND
644,OBD_VALUE_IGNITION_STATE
645,OBD_VALUE_ENGINE_ACTIVITY_INTERNAL
646,OBD_VALUE_ENGINE_ACTIVITY_TEST_NONZERO
647,OBD_VALUE_ENGINE_ACTIVITY_TEST_NONZERO_AND_CHANGING
648,OBD_VALUE_ENGINE_ACTIVITY_TEST_NONZERO_WITH_DEBOUNCE
649,OBD_VALUE_ENGINE_ACTIVITY_TEST_MONOTONICALLY_INCREASING
650,OBD_VALUE_METHOD_ENGINE_ACTIVITY_ENGINE_STATE
651,OBD_VALUE_METHOD_ENGINE_ACTIVITY_ENGINE_RUNTIME_SINCE_IGNITION_SECONDS
652,OBD_VALUE_METHOD_ENGINE_ACTIVITY_ENGINE_RPM
653,OBD_VALUE_METHOD_ENGINE_ACTIVITY_PROPULSION_SYSTEM_ACTIVE
654,OBD_VALUE_METHOD_ENGINE_ACTIVITY_IGNITION_STATE
655,OBD_VALUE_METHOD_ENGINE_ACTIVITY_VEHICLE_SPEED
656,OBD_VALUE_METHOD_ENGINE_ACTIVITY_TEST_NONZERO
657,OBD_VALUE_METHOD_ENGINE_ACTIVITY_TEST_MONOTONICALLY_INCREASING
658,OBD_VALUE_METHOD_ENGINE_ACTIVITY_TEST_NONZERO_AND_CHANGING
659,OBD_VALUE_METHOD_ENGINE_ACTIVITY_TEST_NONZERO_WITH_DEBOUNCE
660,OBD_VALUE_FUEL_LEVEL_MILLIPERCENT
661,OBD_VALUE_ROAD_DEPARTURE_AEBS_STATE
662,OBD_VALUE_LANE_CENTERING_SYSTEM_STATUS
663,OBD_VALUE_EXTERNAL_BRAKE_REQUEST_REASON
664,OBD_VALUE_ADAPTIVE_CRUISE_CONTROL_MODE
665,OBD_VALUE_ADAPTIVE_CRUISE_CONTROL_ROAD_CURVATURE_MM_INVERSE
666,OBD_VALUE_ABS_OPERATIONAL_STATE
667,OBD_VALUE_ABS_CONTROL_STATE
668,OBD_VALUE_ASR_BRAKE_CONTROL_STATE
669,OBD_VALUE_ASR_ENGINE_CONTROL_STATE
670,OBD_VALUE_LANE_DEPARTURE_INDICATION_ENABLE_STATUS
671,OBD_VALUE_DRIVER_ALERTNESS_WARNING_SYSTEM_STATE
672,OBD_VALUE_LANE_DEPARTURE_WARNING_SYSTEM_STATE
673,OBD_VALUE_FORWARD_LANE_IMAGER_STATUS
674,OBD_VALUE_LANE_DEPARTURE_ANGLE_LEFT_DECI_DEGREES
675,OBD_VALUE_LANE_DEPARTURE_ANGLE_RIGHT_DECI_DEGREES
676,OBD_VALUE_AEBS_DRIVER_ACTIVATION_DEMAND
677,OBD_VALUE_CRUISE_CONTROL_DRIVER_SET_SPEED_KPH
678,OBD_VALUE_CRUISE_CONTROL_FINAL_SET_SPEED_KPH
679,OBD_VALUE_XBR_SYSTEM_STATE
680,OBD_VALUE_XBR_ACTIVE_CONTROL_MODE
681,OBD_VALUE_EMERGENCY_BRAKING_ACTIVE
682,OBD_VALUE_DRIVER_BRAKE_DEMAND_MILLIG
683,OBD_VALUE_OVERALL_INTENDED_BRAKE_ACCELERATION_MILLIG
684,OBD_VALUE_METHOD_ACCEL_PEDAL_OVER_POSITION_A_PERCENT
685,OBD_VALUE_METHOD_ACCEL_PEDAL_OVER_POSITION_B_PERCENT
686,OBD_VALUE_METHOD_ACCEL_PEDAL_OVER_POSITION_C_PERCENT
687,OBD_VALUE_METHOD_ACCEL_PEDAL_OVER_POSITION_D_PERCENT
688,OBD_VALUE_SHORT_TERM_FUEL_TRIM_LEVEL_B2_MILLI_PERCENT
689,OBD_VALUE_LONG_TERM_FUEL_TRIM_LEVEL_B2_MILLI_PERCENT
690,OBD_VALUE_REAR_O2_FUEL_TRIM_LEVEL_DOWNSTREAM_B1_MILLI_PERCENT
691,OBD_VALUE_REAR_O2_FUEL_TRIM_LEVEL_DOWNSTREAM_B2_MILLI_PERCENT
692,OBD_VALUE_OEL_HAZARD_LIGHT_SWITCH
693,OBD_VALUE_INNER_WHEEL_STEERING_ANGLE_MILLI_DEGREES
694,OBD_VALUE_STEERING_WHEEL_ANGLE_PICORAD
695,OBD_VALUE_LEFT_TURN_SIGNAL_COMMAND
696,OBD_VALUE_RIGHT_TURN_SIGNAL_COMMAND
697,OBD_VALUE_YAW_RATE_FEMTORAD_PER_SECOND
698,OBD_VALUE_TRANSMISSION_REVERSE_DIRECTION_SWITCH
699,OBD_VALUE_DIRECTION_INDICATOR
700,OBD_VALUE_EV_BATTERY_MIN_CELL_TEMPERATURE_MILLI_CELSIUS
701,OBD_VALUE_EV_BATTERY_MAX_CELL_TEMPERATURE_MILLI_CELSIUS
702,OBD_VALUE_EV_MIN_ALLOWED_STATE_OF_CHARGE_MILLI_PERCENT
703,OBD_VALUE_EV_MAX_ALLOWED_STATE_OF_CHARGE_MILLI_PERCENT
704,OBD_VALUE_EV_CHARGING_ERROR_STATUS
705,OBD_VALUE_EV_24_VOLT_DC_DC_INVERTER_CURRENT_MILLI_AMPS
706,OBD_VALUE_DOOR_LOCK_STATUS
707,OBD_VALUE_DOOR_OPEN_STATUS
708,OBD_VALUE_GASEOUS_FUEL_CONSUMPTION_RATE_GRAMS_PER_HOUR
709,OBD_VALUE_METHOD_FUEL_GASEOUS_CONSUMPTION_RATE
710,OBD_VALUE_DELIVERED_PRESSURE_FRONT_AXLE_LEFT_WHEEL_PA
711,OBD_VALUE_DELIVERED_PRESSURE_FRONT_AXLE_RIGHT_WHEEL_PA
712,OBD_VALUE_DELIVERED_PRESSURE_REAR_AXLE_1_LEFT_WHEEL_PA
713,OBD_VALUE_DELIVERED_PRESSURE_REAR_AXLE_1_RIGHT_WHEEL_PA
714,OBD_VALUE_DELIVERED_PRESSURE_REAR_AXLE_2_LEFT_WHEEL_PA
715,OBD_VALUE_DELIVERED_PRESSURE_REAR_AXLE_2_RIGHT_WHEEL_PA
716,OBD_VALUE_DELIVERED_PRESSURE_REAR_AXLE_3_LEFT_WHEEL_PA
717,OBD_VALUE_DELIVERED_PRESSURE_REAR_AXLE_3_RIGHT_WHEEL_PA
718,OBD_VALUE_SERVICE_BRAKE_CIRCUIT_1_AIR_PRESSURE_PA
719,OBD_VALUE_SERVICE_BRAKE_CIRCUIT_2_AIR_PRESSURE_PA
720,OBD_VALUE_ABS_EBS_AMBER_WARNING
721,OBD_VALUE_EBS_RED_WARNING
722,OBD_VALUE_FUEL_SENSOR_RESISTOR_OHMS
723,OBD_VALUE_ELD_SPEED_KM_PER_HOUR
724,OBD_VALUE_WINDSHIELD_WIPER_STATUS
725,OBD_VALUE_SALT_SPREADER_SURFACE_STATE
726,OBD_VALUE_SALT_SPREADER_ROAD_GRIP
727,OBD_VALUE_SALT_SPREADER_ICE_THICKNESS
728,OBD_VALUE_SALT_SPREADER_SNOW_THICKNESS
729,OBD_VALUE_SALT_SPREADER_WATER_THICKNESS
730,OBD_VALUE_ENGINE_TORQUE_MODE_PTO_STATE
731,OBD_VALUE_CONTROLLING_DEVICE_SA_PTO_STATE
1024,OBD_VALUE_INTERNAL_START
2047,OBD_VALUE_INTERNAL_END
2048,OBD_VALUE_CUSTOM_START
4095,OBD_VALUE_CUSTOM_END
4096,OBD_VALUE_THIRD_PARTY_PIN_START
6143,OBD_VALUE_THIRD_PARTY_PIN_END
